{
  "ambiente-react-native": {
    "Ambiente React Native": [
      "ambiente-react-native/introducao",
      "ambiente-react-native/editor"
    ],
    "Android": [
      "ambiente-react-native/android/windows",
      "ambiente-react-native/android/linux",
      "ambiente-react-native/android/macos",
      "ambiente-react-native/android/emulador"
    ],
    "iOS": ["ambiente-react-native/ios/xcode"],
    "Emulando via USB": [
      "ambiente-react-native/usb/android",
      "ambiente-react-native/usb/ios"
    ],
    "Emulando via Wi-Fi": [
      "ambiente-react-native/wifi/android",
      "ambiente-react-native/wifi/ios"
    ],
    "Erros comuns": [
      "ambiente-react-native/errors/android",
      "ambiente-react-native/errors/ios",
      "ambiente-react-native/errors/android-ios",
      "ambiente-react-native/errors/genymotion"
    ]
  },
  "dual-boot-windows-linux": {
    "Dual Boot Windows + Linux": [
      "dual-boot-windows-linux/introducao",
      "dual-boot-windows-linux/ubuntu",
      "dual-boot-windows-linux/mint"
    ]
  }
}
